department,program
Arts & Science,Advanced Mathematical Methods 
Arts & Science,Africana Studies
Arts & Science,Africana Studies & Museum Studies 
Arts & Science,American Sign Language 
Arts & Science,American Studies 
Arts & Science,Ancient Near Eastern & Egyptian Studies 
Arts & Science,Ancient Science 
Arts & Science,Ancient Studies 
Arts & Science,Ancient World 
Arts & Science,Animal Studies 
Arts & Science,Anthropology 
Arts & Science,Anthropology & Classical Civilization 
Arts & Science,Anthropology & Linguistics 
Arts & Science,Applied Psychology 
Arts & Science,Applied Quantitative Research 
Arts & Science,Applied Statistics for Social Science Research 
Arts & Science,Archaeology 
Arts & Science,Archives & Public History 
Arts & Science,Art & Education 
Arts & Science,Art History 
Arts & Science,Art History & Classics 
Arts & Science,Art Therapy 
Arts & Science,"Art, Studio "
Arts & Science,Asian/Pacific/American Studies 
Arts & Science,Astronomy 
Arts & Science,Atmosphere Ocean Science 
Arts & Science,Atmosphere-Ocean Science & Mathematics 
Arts & Science,Bilingual Education 
Arts & Science,Biochemistry 
Arts & Science,Bioethics 
Arts & Science,Biology 
Arts & Science,Biology & Business 
Arts & Science,Brass Studies 
Arts & Science,Business Studies 
Arts & Science,Central & East Asian Art & Archeology 
Arts & Science,Chemistry 
Arts & Science,Child & Adolescent Mental Health Studies 
Arts & Science,Child Development & Social Intervention 
Arts & Science,Childhood Education 
Arts & Science,Cinema Studies 
Arts & Science,Classical Civilization 
Arts & Science,Classical Civilization & Hellenic Studies 
Arts & Science,Classics 
Arts & Science,Communicative Sciences & Disorders 
Arts & Science,Comparative Literature 
Arts & Science,Computational Biology 
Arts & Science,Computer Science 
Arts & Science,Computer Science & Economics 
Arts & Science,Computer Science Education 
Arts & Science,Costume Studies 
Arts & Science,Costume Studies & Library Science 
Arts & Science,Counseling & Guidance 
Arts & Science,"Counseling & Guidance: School & Bilingual School Counseling, K-12 "
Arts & Science,Counseling for Mental Health & Wellness 
Arts & Science,Counseling Psychology 
Arts & Science,Creative Writing 
Arts & Science,Creative Writing in Spanish 
Arts & Science,Dance Education 
Arts & Science,Dance in the Professions 
Arts & Science,Dance in the Professions: ABT Ballet Pedagogy 
Arts & Science,Data Science 
Arts & Science,Developmental Psychology 
Arts & Science,Digital Art & Design 
Arts & Science,Digital Humanities 
Arts & Science,Digital Media Design for Learning 
Arts & Science,Disability Studies 
Arts & Science,Drama Therapy 
Arts & Science,"Dramatic Literature, Theater History, & the Cinema "
Arts & Science,Early Childhood Education 
Arts & Science,East Asian Studies 
Arts & Science,Economics 
Arts & Science,Economics & Mathematics 
Arts & Science,Education & Jewish Studies 
Arts & Science,Education & Social Policy 
Arts & Science,Education Studies 
Arts & Science,Educational Communication & Technology 
Arts & Science,Educational Leadership 
Arts & Science,Educational Theatre 
Arts & Science,Engineering 
Arts & Science,English 
Arts & Science,English & American Literature 
Arts & Science,English Education 
Arts & Science,Environmental Biology 
Arts & Science,Environmental Conservation Education 
Arts & Science,Environmental Studies 
Arts & Science,European & Mediterranean Studies 
Arts & Science,European & Mediterranean Studies & Journalism 
Arts & Science,Film Scoring 
Arts & Science,Financial Mathematics 
Arts & Science,Fine Arts 
Arts & Science,Food Studies 
Arts & Science,Foreign Language Education 
Arts & Science,Francophone Studies 
Arts & Science,French 
Arts & Science,French & Linguistics 
Arts & Science,French Literature in Translation 
Arts & Science,French Studies 
Arts & Science,French Studies & Business 
Arts & Science,French Studies & Journalism 
Arts & Science,Games for Learning 
Arts & Science,Gender & Sexuality Studies 
Arts & Science,Genetics 
Arts & Science,Genomics & Bioinformatics 
Arts & Science,German 
Arts & Science,German & Linguistics 
Arts & Science,German Literature & Culture 
Arts & Science,Germanic Languages & Literatures 
Arts & Science,Global & Urban Education Studies 
Arts & Science,Global Liberal Studies 
Arts & Science,Greco-Roman World 
Arts & Science,Haitian Kreyòl 
Arts & Science,Hebrew & Judaic Studies 
Arts & Science,Hebrew & Judaic Studies & Museum Studies 
Arts & Science,Hebrew Language & Literature 
Arts & Science,Hellenic Studies 
Arts & Science,Higher & Postsecondary Education 
Arts & Science,Historical & Sustainable Architecture 
Arts & Science,History 
Arts & Science,History of Education 
Arts & Science,Human Development & Social Intervention 
Arts & Science,Humanities & Social Thought 
Arts & Science,Iberian Studies 
Arts & Science,Information Systems 
Arts & Science,International Education 
Arts & Science,International Relations 
Arts & Science,International Relations & Journalism 
Arts & Science,Irish & Irish American Studies 
Arts & Science,Irish Studies 
Arts & Science,Italian & Linguistics 
Arts & Science,Italian Studies 
Arts & Science,Jazz Studies 
Arts & Science,Jewish History & Civilization 
Arts & Science,Journalism 
Arts & Science,Journalism & Religion 
Arts & Science,Language & Mind 
Arts & Science,Late Antiquity & Early Middle Ages 
Arts & Science,Latin & Greek 
Arts & Science,Latin American & Caribbean Studies 
Arts & Science,Latin American & Caribbean Studies & Journalism 
Arts & Science,Latin American & Caribbean Studies & Museum Studies 
Arts & Science,Latin American Studies 
Arts & Science,Latino Studies 
Arts & Science,Law & Society 
Arts & Science,"LGBT Health, Education, & Social Services "
Arts & Science,Liberal Studies 
Arts & Science,Library & Information Science 
Arts & Science,Linguistics 
Arts & Science,Literacy Education 
Arts & Science,Literature in Translation 
Arts & Science,Luso-Brazilian Language & Literature 
Arts & Science,Math Education 
Arts & Science,Mathematics 
Arts & Science,Mathematics in Finance 
Arts & Science,"Media, Culture, & Communication "
Arts & Science,"Media, Culture, & Communication & Library Science "
Arts & Science,Medieval & Renaissance Studies 
Arts & Science,Metropolitan Studies 
Arts & Science,Middle Eastern & Islamic Studies 
Arts & Science,Molecular & Cell Biology 
Arts & Science,Museum Studies 
Arts & Science,Music 
Arts & Science,Music 
Arts & Science,Music Business 
Arts & Science,Music Composition 
Arts & Science,Music Education 
Arts & Science,Music Technology 
Arts & Science,Music Theatre 
Arts & Science,Music Therapy 
Arts & Science,Near Eastern Studies 
Arts & Science,Near Eastern Studies & Business 
Arts & Science,Near Eastern Studies & Journalism 
Arts & Science,Neural Science 
Arts & Science,Nutrition & Dietetics 
Arts & Science,Occupational Therapy 
Arts & Science,Peace and Conflict Studies 
Arts & Science,Percussion Studies 
Arts & Science,Performing Arts Administration 
Arts & Science,Philosophy 
Arts & Science,Physical Therapy 
Arts & Science,Physics 
Arts & Science,Piano Studies 
Arts & Science,Poetics & Theory 
Arts & Science,Politics 
Arts & Science,Portuguese 
Arts & Science,Psychology 
Arts & Science,Psychology & Social Intervention 
Arts & Science,Psychotherapy & Psychoanalysis 
Arts & Science,Public Policy 
Arts & Science,Rehabilitation Sciences 
Arts & Science,Religious Studies 
Arts & Science,Romance Languages 
Arts & Science,Russian & Slavic Studies 
Arts & Science,Russian & Slavic Studies & Journalism 
Arts & Science,Science & Society 
Arts & Science,Science Education 
Arts & Science,Scientific Computing 
Arts & Science,Secondary Education 
Arts & Science,Social & Cultural Analysis 
Arts & Science,Social Studies Education 
Arts & Science,Sociology 
Arts & Science,Sociology of Education 
Arts & Science,Songwriting 
Arts & Science,South Asian Studies 
Arts & Science,Spanish 
Arts & Science,Spanish & Linguistics 
Arts & Science,Spanish & Portuguese 
Arts & Science,Special Education 
Arts & Science,String Studies 
Arts & Science,Studio Art 
Arts & Science,Study of the Ancient World 
Arts & Science,Teacher Education 
Arts & Science,Teaching & Learning 
Arts & Science,"Teaching English to Speakers of Other Languages, TESOL "
Arts & Science,Teaching Spanish as a Foreign Language & TESOL 
Arts & Science,Urban Design & Architecture Studies 
Arts & Science,Visual Arts Administration 
Arts & Science,"Vocal Performance: Classical Voice, Opera, Musical Theatre "
Arts & Science,Web Programming & Applications 
Arts & Science,Woodwind Studies 
Arts & Science,XE: Experimental Humanities & Social Engagement 
Business,Accounting 
Business,Actuarial Science 
Business,Business & Political Economy 
Business,Business & Society 
Business,Business Administration 
Business,Business Analytics 
Business,"Business of Entertainment, Media, & Technology "
Business,Business of Fashion & Luxury 
Business,Business of Technology 
Business,Data Analytics & Business Computing 
Business,Digital Marketing 
Business,Economics 
Business,Entrepreneurship & Innovation 
Business,Finance 
Business,Financial Technology 
Business,Global Business 
Business,Global Business Analytics 
Business,Global Finance 
Business,Global Risk Management 
Business,Information Systems 
Business,Management & Organizations 
Business,Management Communication 
Business,Marketing 
Business,Mathematics & Business 
Business,Operations 
Business,Public Administration & Business 
Business,Quantitative Finance 
Business,Quantitative Management 
Business,Real Estate 
Business,Statistics 
Business,Strategy 
Continuing Education,Applied General Studies 
Continuing Education,Construction Management 
Continuing Education,Continuing Education 
Continuing Education,Digital Communications & Media 
Continuing Education,English as a Second Language 
Continuing Education,Executive Coaching and Organizational Consulting 
Continuing Education,Fundraising & Grantmaking 
Continuing Education,Global Affairs 
Continuing Education,Healthcare Management 
Continuing Education,Hospitality Industry Studies 
Continuing Education,"Hospitality, Tourism & Sports Management "
Continuing Education,Human Capital Analytics and Technology 
Continuing Education,Human Resources Management 
Continuing Education,Humanities 
Continuing Education,Humanities & Performing Arts 
Continuing Education,Information Systems Management  
Continuing Education,Integrated Marketing 
Continuing Education,Leadership & Management Studies 
Continuing Education,Management & Systems 
Continuing Education,Professional Writing 
Continuing Education,Project Management 
Continuing Education,Public Relations & Corporate Communication 
Continuing Education,Publishing: Digital & Print Media 
Continuing Education,Real Estate 
Continuing Education,Real Estate & Construction 
Continuing Education,Real Estate Development 
Continuing Education,Social Sciences 
Continuing Education,Sports Business 
Continuing Education,Tourism Management 
Continuing Education,Translation & Interpreting 
CUSP,Applied Urban Science & Informatics 
Dentistry,Biomaterials 
Dentistry,Clinical Research 
Dentistry,Comprehensive Dentistry 
Dentistry,Continuing Dental Education 
Dentistry,Dental Hygiene 
Dentistry,Dental Surgery 
Dentistry,Dentistry & Business 
Dentistry,Endodontics 
Dentistry,Esthetic Dentistry 
Dentistry,Implant Dentistry 
Dentistry,Oral & Maxillofacial Surgery 
Dentistry,Oral Biology 
Dentistry,Orthodontics & Dentofacial Orthopedics 
Dentistry,Pediatric Dentistry 
Dentistry,Periodontics 
Dentistry,Prosthodontics 
Engineering,Applied Physics 
Engineering,Bioinformatics 
Engineering,Biomedical Engineering 
Engineering,Biomolecular Science 
Engineering,Biotechnology 
Engineering,Biotechnology & Entrepreneurship 
Engineering,Business & Technology Management 
Engineering,Chemical & Biomolecular Engineering 
Engineering,Chemical Engineering 
Engineering,Civil Engineering 
Engineering,Computer Engineering 
Engineering,Computer Science 
Engineering,Construction Management
Engineering,Cybersecurity 
Engineering,Electrical Engineering 
Engineering,Engineering 
Engineering,Environmental Engineering 
Engineering,Environmental Science 
Engineering,Financial Engineering 
Engineering,Industrial Engineering 
Engineering,Integrated Design and Media 
Engineering,Management of Technology 
Engineering,Mathematics 
Engineering,Mechanical & Aerospace Engineering 
Engineering,Physics & Mathematics 
Engineering,Science & Technology Studies 
Engineering,Sustainable Urban Environments 
Engineering,Transportation Management 
Engineering,Transportation Planning & Engineering 
Engineering,Urban Systems Engineering & Management 
Fine Arts,"Ancient Aegean, Egyptian, Greek & Roman Art "
Fine Arts,Architecture 
Fine Arts,Art of the Middle East & South Asia 
Fine Arts,Conservation of Works of Art & Artifacts 
Fine Arts,Contemporary Art 
Fine Arts,Curatorial & Museum Studies 
Fine Arts,"Early Christian, Byzantine, & Western Medieval Art "
Fine Arts,East Asian Art 
Fine Arts,Latin American Art 
Fine Arts,Nineteenth- & Twentieth-Century Art 
Fine Arts,Renaissance Art 
Fine Arts,Seventeenth- & Eighteenth-Century Art 
Law,"Competition, Innovation & Information Law "
Law,Corporation Law 
Law,Cybersecurity Risk and Strategy 
Law,Environmental & Energy Law 
Law,"International Business Regulation, Litigation & Arbitration "
Law,International Legal Studies 
Law,International Taxation 
Law,Juridical Science 
Law,Law 
Law,Law & Business 
Law,Legal Theory 
Law,Taxation 
Medicine,Acute Care Surgery 
Medicine,Adrenal Surgery 
Medicine,Bariatric Surgery 
Medicine,Biochemistry & Molecular Pharmacology 
Medicine,Cardiac Surgery 
Medicine,Cardiology 
Medicine,Cardiothoracic Surgery 
Medicine,Cell Biology 
Medicine,Child & Adolescent Psychiatry 
Medicine,Colon & Rectal Surgery 
Medicine,Dermatology 
Medicine,Emergency Medicine 
Medicine,Endocrine Surgery 
Medicine,Endocrinology 
Medicine,Environmental Health Sciences 
Medicine,Environmental Medicine 
Medicine,Ergonomics 
Medicine,Forensic Medicine 
Medicine,Gastroenterology 
Medicine,General Internal Medicine & Clinical Innovation 
Medicine,General Surgery 
Medicine,Geriatrics Medicine & Palliative Care 
Medicine,Global Public Health 
Medicine,Hematology & Medical Oncology 
Medicine,Infectious Disease & Immunology 
Medicine,Medical Humanities 
Medicine,Medicine & Business 
Medicine,Microbiology 
Medicine,Nephrology 
Medicine,Neurology 
Medicine,Neuromuscular Diseases 
Medicine,Neuroscience & Physiology 
Medicine,Neurosurgery 
Medicine,Obstetrics & Gynecology 
Medicine,Ophthalmology 
Medicine,Orthopedic Surgery 
Medicine,Otolaryngology 
Medicine,Pancreatitis Program 
Medicine,Pathology 
Medicine,Pediatric & Adult Congenital Cardiac Surgery 
Medicine,Pediatric Surgery 
Medicine,Pediatrics 
Medicine,Plastic Surgery 
Medicine,Population Health 
Medicine,Psychiatry 
Medicine,"Pulmonary, Critical Care & Sleep Medicine "
Medicine,Radiation Oncology 
Medicine,Radiology 
Medicine,Rehabilitation Medicine 
Medicine,Rheumatology 
Medicine,Surgical Oncology 
Medicine,Thoracic Surgery 
Medicine,Translational Auditory Research 
Medicine,Translational Medicine 
Medicine,Transplant Surgery 
Medicine,Urology 
Medicine,Vascular & Endovascular Surgery 
Nursing,Nursing 
Social Work,Social Work 
Theater and Media Studies,Acting 
Theater and Media Studies,Art & Public Policy 
Theater and Media Studies,Dance 
Theater and Media Studies,Design for Stage & Film 
Theater and Media Studies,Drama 
Theater and Media Studies,Dramatic Writing 
Theater and Media Studies,Film & Television 
Theater and Media Studies,Film Production 
Theater and Media Studies,Film/Television & Business 
Theater and Media Studies,Game Design 
Theater and Media Studies,Interactive Media Arts 
Theater and Media Studies,Interactive Media Arts Low Residency 
Theater and Media Studies,Interactive Telecommunications 
Theater and Media Studies,Moving Image Archive & Preservation 
Theater and Media Studies,Musical Theater Writing 
Theater and Media Studies,Performance Studies 
Theater and Media Studies,Photography & Imaging 
Theater and Media Studies,Recorded Music 
